<?xml version='1.0' encoding='utf-8'?>
<widget id="com.imabuilder.apkhrvatska.friendsim" version="1.3.190622" xmlns="http://www.w3.org/ns/widgets" xmlns:cdv="http://cordova.apache.org/ns/1.0">
	<name>Friends im</name>
	<description>Friends im</description>
	<author email="support@apkhr.xyz" href="https://hub.apkhr.xyz">Apkhrvatska</author>
	<content src="index.html" />
	<!-- Network Request Whitelist -->
	<access origin="*" />
	<platform name="android">
		<access origin="market:*" launch-external="yes"/>
		<access origin="tel:*" launch-external="yes"/>
		<access origin="geo:*" launch-external="yes"/>
		<access origin="mailto:*" launch-external="yes"/>
		<access origin="sms:*" launch-external="yes"/>
		<access origin="whatsapp:*" launch-external="yes"/>
		<access origin="line:*" launch-external="yes"/>
		<access origin="twitter:*" launch-external="yes"/>
		<access origin="fb:*" launch-external="yes"/>
		<access origin="fbapi20130214:*" launch-external="yes"/>
		<access origin="skype:*" launch-external="yes"/>
	</platform>
	<!-- Navigation Whitelist -->
	<allow-navigation href="http://*/*" />
	<allow-navigation href="https://*/*" />
	<allow-navigation href="data:*" />
	<allow-navigation href="file:*" />
	<allow-navigation href="http://localhost:8080/*"/>
	<!-- Intent Whitelist -->
	<allow-intent href="http://*/*" />
	<allow-intent href="https://*/*" />
	<allow-intent href="rtsp://*" />
	<allow-intent href="rtmp://*" />
	<allow-intent href="rtp://*" />
	<allow-intent href="udp://*" />
	<allow-intent href="file://*" />
	<allow-intent href="tel:*" />
	<allow-intent href="sms:*" />
	<allow-intent href="mms:*" />
	<allow-intent href="mailto:*" />
	<allow-intent href="geo:*" />
	<allow-intent href="google.navigation:*" />
	<allow-intent href="google.streetview:*" />
	<allow-intent href="maps:*" />
	<allow-intent href="map:*" />
	<allow-intent href="googlemap:*" />
	<allow-intent href="whatsapp:*" />
	<allow-intent href="line:*" />
	<allow-intent href="twitter:*" />
	<allow-intent href="fb:*" />
	<allow-intent href="fbapi20130214:*" />
	<allow-intent href="skype:*" />
	<allow-intent href="linkedin:*" />
	<allow-intent href="googlegmail:*" />
	<allow-intent href="youtube:*" />
	<platform name="android">
		<allow-intent href="market:*" />
	</platform>
	<platform name="ios">
		<allow-intent href="itms:*" />
		<allow-intent href="itms-apps:*" />
	</platform>
	<preference name="webviewbounce" value="false"/>
	<preference name="UIWebViewBounce" value="false"/>
	<preference name="DisallowOverscroll" value="true"/>
	<preference name="SplashScreenDelay" value="50"/>
	<preference name="FadeSplashScreenDuration" value="0"/>
	<preference name="android-minSdkVersion" value="19"/>
	<preference name="BackupWebStorage" value="none"/>
	<preference name="SplashScreen" value="screen"/>
	<preference name="StatusBarOverlaysWebView" value="false" />
	<preference name="StatusBarStyle" value="lightcontent" />
	<preference name="StatusBarBackgroundColor" value="#dddddd" />
	<platform name="android">
		<preference name="loadUrlTimeoutValue" value="20000" />
		<preference name="ErrorUrl" value="file:///android_asset/www/retry.html" />
		<preference name="LoadingDialog" value="Start...,Please wait..." />
	</platform>
	<platform name="ios">
		<preference name="ErrorUrl" value="Application Error" />
	</platform>
	<feature name="StatusBar">
		<param name="ios-package" onload="true" value="CDVStatusBar"/>
	</feature>
	<!-- default -->
	<plugin name="cordova-plugin-device" />
	<plugin name="cordova-plugin-console" />
	<plugin name="cordova-plugin-whitelist" />
	<plugin name="cordova-plugin-splashscreen" />
	<plugin name="cordova-plugin-statusbar" />
	<plugin name="ionic-plugin-keyboard" />
	<!-- ./default -->
	<plugin name="cordova-plugin-dialogs" />
	<plugin name="cordova-disable-http-cache" />
	<plugin name="cordova-plugin-inappbrowser" />
	<platform name="android">
		<!-- splash and icon for build using ionic/cordova -->
		<icon density="ldpi" src="resources/android/icon/drawable-ldpi-icon.png" />
		<icon density="mdpi" src="resources/android/icon/drawable-mdpi-icon.png" />
		<icon density="hdpi" src="resources/android/icon/drawable-hdpi-icon.png" />
		<icon density="xhdpi" src="resources/android/icon/drawable-xhdpi-icon.png" />
		<icon density="xxhdpi" src="resources/android/icon/drawable-xxhdpi-icon.png" />
		<icon density="xxxhdpi" src="resources/android/icon/drawable-xxxhdpi-icon.png" />
		<splash density="land-ldpi" src="resources/android/splash/drawable-land-ldpi-screen.png" />
		<splash density="land-mdpi" src="resources/android/splash/drawable-land-mdpi-screen.png" />
		<splash density="land-hdpi" src="resources/android/splash/drawable-land-hdpi-screen.png" />
		<splash density="land-xhdpi" src="resources/android/splash/drawable-land-xhdpi-screen.png" />
		<splash density="land-xxhdpi" src="resources/android/splash/drawable-land-xxhdpi-screen.png" />
		<splash density="land-xxxhdpi" src="resources/android/splash/drawable-land-xxxhdpi-screen.png" />
		<splash density="port-ldpi" src="resources/android/splash/drawable-port-ldpi-screen.png" />
		<splash density="port-mdpi" src="resources/android/splash/drawable-port-mdpi-screen.png" />
		<splash density="port-hdpi" src="resources/android/splash/drawable-port-hdpi-screen.png" />
		<splash density="port-xhdpi" src="resources/android/splash/drawable-port-xhdpi-screen.png" />
		<splash density="port-xxhdpi" src="resources/android/splash/drawable-port-xxhdpi-screen.png" />
		<splash density="port-xxxhdpi" src="resources/android/splash/drawable-port-xxxhdpi-screen.png" />
	</platform>
	<platform name="ios">
		<icon height="57" src="resources/ios/icon/icon.png" width="57"/>
		<icon height="114" src="resources/ios/icon/icon@2x.png" width="114"/>
		<icon height="40" src="resources/ios/icon/icon-40.png" width="40"/>
		<icon height="80" src="resources/ios/icon/icon-40@2x.png" width="80"/>
		<icon height="120" src="resources/ios/icon/icon-40@3x.png" width="120"/>
		<icon height="50" src="resources/ios/icon/icon-50.png" width="50"/>
		<icon height="100" src="resources/ios/icon/icon-50@2x.png" width="100"/>
		<icon height="60" src="resources/ios/icon/icon-60.png" width="60"/>
		<icon height="120" src="resources/ios/icon/icon-60@2x.png" width="120"/>
		<icon height="180" src="resources/ios/icon/icon-60@3x.png" width="180"/>
		<icon height="72" src="resources/ios/icon/icon-72.png" width="72"/>
		<icon height="144" src="resources/ios/icon/icon-72@2x.png" width="144"/>
		<icon height="76" src="resources/ios/icon/icon-76.png" width="76"/>
		<icon height="152" src="resources/ios/icon/icon-76@2x.png" width="152"/>
		<icon height="167" src="resources/ios/icon/icon-83.5@2x.png" width="167"/>
		<icon height="29" src="resources/ios/icon/icon-small.png" width="29"/>
		<icon height="58" src="resources/ios/icon/icon-small@2x.png" width="58"/>
		<icon height="87" src="resources/ios/icon/icon-small@3x.png" width="87"/>
		<splash height="2436" src="resources/ios/splash/Default-2436h.png" width="1125" />
		<splash height="1125" src="resources/ios/splash/Default-Landscape-2436h.png" width="2436" />
		<splash height="1136" src="resources/ios/splash/Default-568h@2x~iphone.png" width="640"/>
		<splash height="1334" src="resources/ios/splash/Default-667h.png" width="750"/>
		<splash height="2208" src="resources/ios/splash/Default-736h.png" width="1242"/>
		<splash height="1242" src="resources/ios/splash/Default-Landscape-736h.png" width="2208"/>
		<splash height="1536" src="resources/ios/splash/Default-Landscape@2x~ipad.png" width="2048"/>
		<splash height="768" src="resources/ios/splash/Default-Landscape~ipad.png" width="1024"/>
		<splash height="2048" src="resources/ios/splash/Default-Portrait@2x~ipad.png" width="1536"/>
		<splash height="1024" src="resources/ios/splash/Default-Portrait~ipad.png" width="768"/>
		<splash height="960" src="resources/ios/splash/Default@2x~iphone.png" width="640"/>
		<splash height="480" src="resources/ios/splash/Default~iphone.png" width="320"/>
	</platform>
</widget>